<publishEvent>     <EventEnvelope>         <Header>             <siid>a4a23e88-d388-4f2d-963d-66a65fcc5030</siid>             <MsgUID>7756e958-0b4a-44ef-a953-1f4d066cb08f</MsgUID>             <RqClientId>DBIND</RqClientId>             <ServiceProviderName/>             <OperationName>PartyDataManagement/v1_1/readParty</OperationName>             <Ctry>IN</Ctry>             <Event>                 <EventType>Party</EventType>                 <EventAction>PartyRead</EventAction>                 <EventSource/>                 <EventReason>Success</EventReason>                 <EventDateTime>2017-10-02T12:22:57.498+07:00</EventDateTime>             </Event>             <ServiceHeader>                 <MsgDetl mustUnderstand="false">                     <MsgVersion>4.0</MsgVersion>                     <MsgUID>63ON2256037765333524</MsgUID>                 </MsgDetl>                 <Trace mustUnderstand="false">                     <RqDateTime>2017-10-02T12:22:57.498+07:00</RqDateTime>                     <RqClient>                         <RqClientId>DBIND</RqClientId>                         <RqClientOrg>2004</RqClientOrg>                         <RqClientCtry>ID</RqClientCtry>                     </RqClient>                 </Trace>             </ServiceHeader>         </Header>         <Body>             <EventNotificationDetails>                 <LCIN>ID30619514</LCIN>                 <CIF>2224453</CIF>                 <Party>                     <PartyName>KIRAN ONE</PartyName>                     <PartyType>R</PartyType>                     <MaritalStatus>1</MaritalStatus>                     <CustDoc>                         <DocType>10</DocType>                         <DocNum>4573886675687350</DocNum>                     </CustDoc>                     <Phone>                         <PhoneType>04</PhoneType>                         <PhoneNum>8745266366</PhoneNum>                     </Phone>                     <Email>                         <EmailAddrType>PER</EmailAddrType>                         <EmailAddr>KIRAN1@DBS.COM</EmailAddr>                     </Email>                     <Address>                         <AddrType>WORK</AddrType>                         <AddrLine>HALIM PERDANA KUSUMAH, EAST JAKARTA CITY,</AddrLine>                         <AddrLine>JAKARTA, INDONESIA</AddrLine>                         <AddrLine/>                         <AddrLine/>                         <PostalCode>96589</PostalCode>                         <City>BANGKA SELATAN</City>                         <StateProvince>INABB</StateProvince>                         <Ctry/>                     </Address>                     <Address>                         <AddrType>MAIL</AddrType>                         <AddrLine>HALIM PERDANA KUSUMAH, EAST JAKARTA CITY,JAKA</AddrLine>                         <AddrLine>RTA, INDONESIA</AddrLine>                         <AddrLine/>                         <AddrLine/>                         <PostalCode>96589</PostalCode>                         <City>BANGKA SELATAN</City>                         <StateProvince>INABB</StateProvince>                         <Ctry>IN</Ctry>                     </Address>                     <Address>                         <AddrType>RES</AddrType>                         <AddrLine>ADDRLINE1,ADDRLINE2,ADDNLADDR1,ADDNLADDR2,EST</AddrLine>                         <AddrLine>ATE,DISTRICT</AddrLine>                         <AddrLine/>                         <AddrLine/>                         <PostalCode>542259</PostalCode>                         <City>KLATEN</City>                         <StateProvince>INALP</StateProvince>                         <Ctry/>                     </Address>                 </Party>             </EventNotificationDetails>         </Body>     </EventEnvelope> </publishEvent> 
<publishEvent>     <EventEnvelope>         <Header>             <siid>d78d8b09-be96-467e-b04c-fa6952b3218a</siid>             <MsgUID>4164ba87-d4be-43f4-8b28-8cc92cdf2911</MsgUID>             <RqClientId>DBIND</RqClientId>             <ServiceProviderName/>             <OperationName>ContactDialogue/retrieveStatedPrefQuestions</OperationName>             <Ctry>IN</Ctry>             <Event>                 <EventType>ContactDialogue</EventType>                 <EventAction>RetrieveStatedPrefQuestionsSuccess</EventAction>                 <EventSource/>                 <EventReason>Success</EventReason>                 <EventDateTime>2017-10-02T12:22:57.843+07:00</EventDateTime>             </Event>             <ServiceHeader>                 <MsgDetl mustUnderstand="false">                     <MsgUID>63ON2257677664105907</MsgUID>                 </MsgDetl>                 <Trace mustUnderstand="false">                     <RqDateTime>2017-10-02T12:22:57.843+07:00</RqDateTime>                     <RqClient>                         <RqClientId>DBIND</RqClientId>                         <RqClientOrg>2004</RqClientOrg>                         <RqClientCtry>ID</RqClientCtry>                     </RqClient>                 </Trace>                 <ExtendedHeader>                     <CredentialsRqHdr>                         <SubjectRole>Party</SubjectRole>                         <PartyId>ID30618351</PartyId>                         <LoginName>orange7</LoginName>                         <PartyEnvr>                             <NetworkTrnData>                                 <NetworkOwner>NA</NetworkOwner>                                 <TerminalIdent>803064FD-3668-4BA4-ADA7-8B5BB02A390C</TerminalIdent>                                 <TerminalType>iOS 11.2.1</TerminalType>                                 <NetworkLocation>                                     <OriginatorIP>61.12.40.186</OriginatorIP>                                 </NetworkLocation>                             </NetworkTrnData>                         </PartyEnvr>                         <PartyAuth>                             <SecTokenKey>                                 <SessKey>tonbgDkSodlUr-PVaTDiqOQ3QPhyEK6LSXm3NPrY</SessKey>                             </SecTokenKey>                         </PartyAuth>                     </CredentialsRqHdr>                 </ExtendedHeader>             </ServiceHeader>         </Header>         <Body>             <EventNotificationDetails>                 <LCIN>ID30618351</LCIN>                 <CIF>2223504</CIF>                 <ContactDialogue/>             </EventNotificationDetails>         </Body>     </EventEnvelope> </publishEvent> 
<publishEvent>     <EventEnvelope>         <Header>             <siid>a4f05194-0ffb-4f9d-9380-e1d2b6c33ec4</siid>             <MsgUID>d4242276-3434-4bd0-9d37-dd8dfc16150e</MsgUID>             <RqClientId>DBIND</RqClientId>             <ServiceProviderName/>             <OperationName>Correspondence/retrieveInappCorrespondence</OperationName>             <Ctry>IN</Ctry>             <Event>                 <EventType>Correspondence</EventType>                 <EventAction>InappCorrespondenceRetrieved</EventAction>                 <EventSource/>                 <EventReason>Success</EventReason>                 <EventDateTime>2017-10-02T12:22:58.119+07:00</EventDateTime>             </Event>             <ServiceHeader>                 <MsgDetl mustUnderstand="false">                     <MsgUID>63ON2258118834212969</MsgUID>                 </MsgDetl>                 <Trace mustUnderstand="false">                     <RqDateTime>2017-10-02T12:22:58.119+07:00</RqDateTime>                     <RqClient>                         <RqClientId>DBIND</RqClientId>                         <RqClientOrg>2004</RqClientOrg>                         <RqClientCtry>ID</RqClientCtry>                     </RqClient>                 </Trace>                 <ExtendedHeader>                     <CredentialsRqHdr>                         <SubjectRole>Party</SubjectRole>                         <PartyId>ID30618351</PartyId>                         <LoginName>orange7</LoginName>                         <PartyEnvr>                             <NetworkTrnData>                                 <NetworkOwner>NA</NetworkOwner>                                 <TerminalIdent>803064FD-3668-4BA4-ADA7-8B5BB02A390C</TerminalIdent>                                 <TerminalType>iOS 11.2.1</TerminalType>                                 <NetworkLocation>                                     <OriginatorIP>61.12.40.186</OriginatorIP>                                 </NetworkLocation>                             </NetworkTrnData>                         </PartyEnvr>                         <PartyAuth>                             <SecTokenKey>                                 <SessKey>tonbgDkSodlUr-PVaTDiqOQ3QPhyEK6LSXm3NPrY</SessKey>                             </SecTokenKey>                         </PartyAuth>                     </CredentialsRqHdr>                 </ExtendedHeader>             </ServiceHeader>         </Header>         <Body>             <EventNotificationDetails>                 <LCIN>ID30618351</LCIN>                 <CIF>2223504</CIF>                 <Correspondence>                     <CardId>10291</CardId>                     <Subject>&lt;div class="card"&gt;&lt;label style="color:#333333"&gt;Cek status pengantaran&lt;/label&gt;&lt;label style="color:#FFFFFF"&gt; kartu debit&lt;/label&gt;&lt;/div&gt;</Subject>                     <Category/>                 </Correspondence>             </EventNotificationDetails>         </Body>     </EventEnvelope> </publishEvent> 
<publishEvent>     <EventEnvelope>         <Header>             <siid>460ea091-88f0-42fb-86d7-ba81ffadb45d</siid>             <MsgUID>753bdc81-aa2e-4123-8ed9-86ca1c29caee</MsgUID>             <RqClientId>DBIND</RqClientId>             <ServiceProviderName/>             <OperationName>TwoFactorAuthentication/default</OperationName>             <Ctry>IN</Ctry>             <Event>                 <EventType>Party</EventType>                 <EventAction>2FASuccessful</EventAction>                 <EventSource/>                 <EventReason>Success</EventReason>                 <EventDateTime>2018-03-14T13:23:23.574+08:00</EventDateTime>             </Event>             <ServiceHeader>                 <MsgDetl mustUnderstand="false">                     <MsgUID>63ON2323556181447575</MsgUID>                 </MsgDetl>                 <Trace mustUnderstand="false">                     <RqDateTime>2017-10-02T12:23:23.557+07:00</RqDateTime>                     <RqClient>                         <RqClientId>DBIND</RqClientId>                         <RqClientOrg>2004</RqClientOrg>                         <RqClientCtry>ID</RqClientCtry>                     </RqClient>                 </Trace>                 <ExtendedHeader>                     <CredentialsRqHdr>                         <SubjectRole>Party</SubjectRole>                         <PartyId>ID30618351</PartyId>                         <LoginName>orange7</LoginName>                         <PartyEnvr>                             <NetworkTrnData>                                 <NetworkOwner>NA</NetworkOwner>                                 <TerminalIdent>803064FD-3668-4BA4-ADA7-8B5BB02A390C</TerminalIdent>                                 <TerminalType>iOS 11.2.1</TerminalType>                                 <NetworkLocation>                                     <OriginatorIP>61.12.40.186</OriginatorIP>                                 </NetworkLocation>                             </NetworkTrnData>                         </PartyEnvr>                         <PartyAuth>                             <SecTokenKey>                                 <SessKey>tonbgDkSodlUr-PVaTDiqOQ3QPhyEK6LSXm3NPrY</SessKey>                             </SecTokenKey>                         </PartyAuth>                     </CredentialsRqHdr>                 </ExtendedHeader>             </ServiceHeader>         </Header>         <Body>             <EventNotificationDetails>                 <LCIN>ID30618351</LCIN>                 <CIF>2223504</CIF>                 <Party>                     <PartyName/>                 </Party>                 <Auth>                     <AcctScheme>DBSBA</AcctScheme>                     <TranType>2FA</TranType>                 </Auth>             </EventNotificationDetails>         </Body>     </EventEnvelope> </publishEvent> 
<publishEvent>     <EventEnvelope>         <Header>             <siid>99bb6e3a-5990-4169-ad9d-2e530e66a88d</siid>             <MsgUID>d0c78f49-ff94-45ff-ace6-b6325548c4e8</MsgUID>             <RqClientId>DBIND</RqClientId>             <ServiceProviderName/>             <OperationName>PartyDataManagement/v1_1/retrievePayeeList</OperationName>             <Ctry>IN</Ctry>             <Event>                 <EventType>Party</EventType>                 <EventAction>PayeeListRetrieved</EventAction>                 <EventSource/>                 <EventReason>Success</EventReason>                 <EventDateTime>2017-10-02T12:23:33.672+07:00</EventDateTime>             </Event>             <ServiceHeader>                 <MsgDetl mustUnderstand="false">                     <MsgUID>63ON2333671863656224</MsgUID>                 </MsgDetl>                 <Trace mustUnderstand="false">                     <RqDateTime>2017-10-02T12:23:33.672+07:00</RqDateTime>                     <RqClient>                         <RqClientId>DBIND</RqClientId>                         <RqClientOrg>2004</RqClientOrg>                         <RqClientCtry>ID</RqClientCtry>                     </RqClient>                 </Trace>                 <ExtendedHeader>                     <CredentialsRqHdr>                         <SubjectRole>Party</SubjectRole>                         <PartyId>ID30618351</PartyId>                         <LoginName>orange7</LoginName>                         <PartyEnvr>                             <NetworkTrnData>                                 <NetworkOwner>NA</NetworkOwner>                                 <TerminalIdent>803064FD-3668-4BA4-ADA7-8B5BB02A390C</TerminalIdent>                                 <TerminalType>iOS 11.2.1</TerminalType>                                 <NetworkLocation>                                     <OriginatorIP>61.12.40.186</OriginatorIP>                                 </NetworkLocation>                             </NetworkTrnData>                         </PartyEnvr>                         <PartyAuth>                             <SecTokenKey>                                 <SessKey>tonbgDkSodlUr-PVaTDiqOQ3QPhyEK6LSXm3NPrY</SessKey>                             </SecTokenKey>                         </PartyAuth>                     </CredentialsRqHdr>                 </ExtendedHeader>             </ServiceHeader>         </Header>         <Body>             <EventNotificationDetails>                 <LCIN>ID30618351</LCIN>                 <CIF>2223504</CIF>                 <Party>                     <Payee>                         <PayeeId>56773</PayeeId>                         <PayeeAccountId>001001001</PayeeAccountId>                         <PayeeBankId>PDJTIDJ1</PayeeBankId>                         <PayeeNickname>bldd</PayeeNickname>                     </Payee>                     <Payee>                         <PayeeId>56653</PayeeId>                         <PayeeAccountId>1700080662</PayeeAccountId>                         <PayeeBankId/>                         <PayeeNickname>sai</PayeeNickname>                     </Payee>                     <Payee>                         <PayeeId>55767</PayeeId>                         <PayeeAccountId>001001001</PayeeAccountId>                         <PayeeBankId>ANZBIDJX</PayeeBankId>                         <PayeeNickname>anzbank</PayeeNickname>                     </Payee>                     <Payee>                         <PayeeId/>                         <PayeeAccountId/>                         <PayeeBankId/>                         <PayeeNickname>indovision</PayeeNickname>                     </Payee>                     <Payee>                         <PayeeId/>                         <PayeeAccountId/>                         <PayeeBankId/>                         <PayeeNickname>firstmedia</PayeeNickname>                     </Payee>                 </Party>             </EventNotificationDetails>         </Body>     </EventEnvelope> </publishEvent> 
<publishEvent>     <EventEnvelope>         <Header>             <siid>d7d2423f-ffe1-4d6b-b43f-1b60d6eeb1e8</siid>             <MsgUID>75fa34a0-5533-4418-86b1-bf28d746f526</MsgUID>             <RqClientId>DBIND</RqClientId>             <ServiceProviderName/>             <OperationName>PaymentOrder/retrieveTransactionLimits</OperationName>             <Ctry>IN</Ctry>             <Event>                 <EventType>Transaction</EventType>                 <EventAction>TransactionLimitsRetrieved</EventAction>                 <EventSource/>                 <EventReason>Success</EventReason>                 <EventDateTime>2017-10-02T12:23:35.905+07:00</EventDateTime>             </Event>             <ServiceHeader>                 <MsgDetl mustUnderstand="false">                     <MsgVersion>4.0</MsgVersion>                     <MsgUID>63ON2335904812163157</MsgUID>                 </MsgDetl>                 <Trace mustUnderstand="false">                     <RqDateTime>2017-10-02T12:23:35.905+07:00</RqDateTime>                     <RqClient>                         <RqClientId>DBIND</RqClientId>                         <RqClientOrg>2004</RqClientOrg>                         <RqClientCtry>ID</RqClientCtry>                     </RqClient>                 </Trace>                 <ExtendedHeader>                     <CredentialsRqHdr>                         <SubjectRole>Party</SubjectRole>                         <PartyId>ID30618351</PartyId>                         <LoginName>orange7</LoginName>                         <PartyEnvr>                             <NetworkTrnData>                                 <NetworkOwner>NA</NetworkOwner>                                 <TerminalIdent>803064FD-3668-4BA4-ADA7-8B5BB02A390C</TerminalIdent>                                 <TerminalType>iOS 11.2.1</TerminalType>                                 <NetworkLocation>                                     <OriginatorIP>61.12.40.186</OriginatorIP>                                 </NetworkLocation>                             </NetworkTrnData>                         </PartyEnvr>                         <PartyAuth>                             <SecTokenKey>                                 <SessKey>tonbgDkSodlUr-PVaTDiqOQ3QPhyEK6LSXm3NPrY</SessKey>                             </SecTokenKey>                         </PartyAuth>                     </CredentialsRqHdr>                 </ExtendedHeader>             </ServiceHeader>         </Header>         <Body>             <EventNotificationDetails>                 <LCIN>ID30618351</LCIN>                 <CIF>2223504</CIF>                 <Account>                     <AccountId>1700062055</AccountId>                     <SchemeCode>DBSBA</SchemeCode>                 </Account>                 <Transaction>                     <SourceAccountNo>1700062055</SourceAccountNo>                 </Transaction>             </EventNotificationDetails>         </Body>     </EventEnvelope> </publishEvent> 
<publishEvent>     <EventEnvelope>         <Header>             <siid>a7168784-db65-49e4-b877-73705911e1ba</siid>             <MsgUID>844b4b68-4078-4c76-bdfc-9976a66137b1</MsgUID>             <RqClientId>DBIND</RqClientId>             <ServiceProviderName/>             <OperationName>TwoFactorAuthentication/default</OperationName>             <Ctry>IN</Ctry>             <Event>                 <EventType>Party</EventType>                 <EventAction>2FASuccessful</EventAction>                 <EventSource/>                 <EventReason>Success</EventReason>                 <EventDateTime>2018-03-14T13:23:41.885+08:00</EventDateTime>             </Event>             <ServiceHeader>                 <MsgDetl mustUnderstand="false">                     <MsgUID>63ON2341861298762118</MsgUID>                 </MsgDetl>                 <Trace mustUnderstand="false">                     <RqDateTime>2017-10-02T12:23:41.871+07:00</RqDateTime>                     <RqClient>                         <RqClientId>DBIND</RqClientId>                         <RqClientOrg>2004</RqClientOrg>                         <RqClientCtry>ID</RqClientCtry>                     </RqClient>                 </Trace>                 <ExtendedHeader>                     <CredentialsRqHdr>                         <SubjectRole>Party</SubjectRole>                         <PartyId>ID30618355</PartyId>                         <LoginName>orange10</LoginName>                         <PartyEnvr>                             <NetworkTrnData>                                 <NetworkOwner>NA</NetworkOwner>                                 <TerminalIdent>7711a4a118c5a46a</TerminalIdent>                                 <TerminalType>android 6.0.1</TerminalType>                                 <NetworkLocation>                                     <OriginatorIP>61.12.40.186</OriginatorIP>                                 </NetworkLocation>                             </NetworkTrnData>                         </PartyEnvr>                         <PartyAuth>                             <SecTokenKey>                                 <SessKey>o0dpG5Zk_lHeO21WiwD_3ypjT0sp13JJjDDWPuJV</SessKey>                             </SecTokenKey>                         </PartyAuth>                     </CredentialsRqHdr>                 </ExtendedHeader>             </ServiceHeader>         </Header>         <Body>             <EventNotificationDetails>                 <LCIN>ID30618355</LCIN>                 <CIF>2223508</CIF>                 <Party>                     <PartyName/>                 </Party>                 <Auth>                     <AcctScheme>DBSBA</AcctScheme>                     <TranType>2FA</TranType>                 </Auth>             </EventNotificationDetails>         </Body>     </EventEnvelope> </publishEvent> 
<publishEvent>     <EventEnvelope>         <Header>             <siid>d2a62c72-5f84-481f-a1b1-7ee6d644add3</siid>             <MsgUID>bb44d6bf-be4f-4a6c-89f4-74cdfcf165be</MsgUID>             <RqClientId>DBIND</RqClientId>             <ServiceProviderName/>             <OperationName>TwoFactorAuthentication/default</OperationName>             <Ctry>IN</Ctry>             <Event>                 <EventType>Party</EventType>                 <EventAction>2FASuccessful</EventAction>                 <EventSource/>                 <EventReason>Success</EventReason>                 <EventDateTime>2018-03-14T13:23:42.733+08:00</EventDateTime>             </Event>             <ServiceHeader>                 <MsgDetl mustUnderstand="false">                     <MsgUID>63ON2342712632400267</MsgUID>                 </MsgDetl>                 <Trace mustUnderstand="false">                     <RqDateTime>2017-10-02T12:23:42.72+07:00</RqDateTime>                     <RqClient>                         <RqClientId>DBIND</RqClientId>                         <RqClientOrg>2004</RqClientOrg>                         <RqClientCtry>ID</RqClientCtry>                     </RqClient>                 </Trace>                 <ExtendedHeader>                     <CredentialsRqHdr>                         <SubjectRole>Party</SubjectRole>                         <PartyId>ID30618355</PartyId>                         <LoginName>orange10</LoginName>                         <PartyEnvr>                             <NetworkTrnData>                                 <NetworkOwner>NA</NetworkOwner>                                 <TerminalIdent>7711a4a118c5a46a</TerminalIdent>                                 <TerminalType>android 6.0.1</TerminalType>                                 <NetworkLocation>                                     <OriginatorIP>61.12.40.186</OriginatorIP>                                 </NetworkLocation>                             </NetworkTrnData>                         </PartyEnvr>                         <PartyAuth>                             <SecTokenKey>                                 <SessKey>o0dpG5Zk_lHeO21WiwD_3ypjT0sp13JJjDDWPuJV</SessKey>                             </SecTokenKey>                         </PartyAuth>                     </CredentialsRqHdr>                 </ExtendedHeader>             </ServiceHeader>         </Header>         <Body>             <EventNotificationDetails>                 <LCIN>ID30618355</LCIN>                 <CIF>2223508</CIF>                 <Party>                     <PartyName/>                 </Party>                 <Auth>                     <AcctScheme>DBSBA</AcctScheme>                     <TranType>2FA</TranType>                 </Auth>             </EventNotificationDetails>         </Body>     </EventEnvelope> </publishEvent> 
<publishEvent>     <EventEnvelope>         <Header>             <siid/>             <MsgUID>d7d312ca-de65-41aa-b285-fc88d1853019</MsgUID>             <RqClientId>DBIND</RqClientId>             <ServiceProviderName>CBID</ServiceProviderName>             <OperationName>PositionKeeping/administerPosition</OperationName>             <Ctry>IN</Ctry>             <Event>                 <EventType>DepositAccount</EventType>                 <EventAction>PositionUpdated</EventAction>                 <EventSource/>                 <EventReason>Success</EventReason>                 <EventDateTime>2017-10-02T12:23:27.824+07:00</EventDateTime>             </Event>             <ServiceHeader>                 <MsgDetl mustUnderstand="false">                     <MsgUID>63ON2327817641275666</MsgUID>                     <SvcVersion/>                 </MsgDetl>                 <Trace mustUnderstand="false">                     <RqDateTime>2017-10-02T12:23:27.824+07:00</RqDateTime>                     <RqClient>                         <RqClientId>DBIND</RqClientId>                         <RqClientOrg>2004</RqClientOrg>                         <RqClientCtry>ID</RqClientCtry>                     </RqClient>                     <ServiceProvider mustUnderstand="true">                         <SPId>CBID</SPId>                         <SPDateTime>2018-03-14T12:23:43.959+07:00</SPDateTime>                     </ServiceProvider>                 </Trace>             </ServiceHeader>         </Header>         <Body>             <EventNotificationDetails>                 <LCIN/>                 <CIF/>                 <Transaction>                     <SourceAccountNo>1700062046</SourceAccountNo>                     <TargetAccountNo>307LIABIDGXLKIDR</TargetAccountNo>                     <TranRef/>                     <Payee>                         <PayeeNickname/>                     </Payee>                     <Amount>30000</Amount>                     <Currency>IDR</Currency>                     <TranCode>DPROT</TranCode>                     <TranDesc>3</TranDesc>                     <RelatedRecId>012102</RelatedRecId>                     <AddnlRef/>                 </Transaction>             </EventNotificationDetails>         </Body>     </EventEnvelope> </publishEvent> 
<publishEvent>     <EventEnvelope>         <Header>             <siid>9f695284-26e6-4355-8e5e-2c245c3a3796</siid>             <MsgUID>195920d8-fb3a-4586-b1ce-bdd870dd8c59</MsgUID>             <RqClientId>DBIND</RqClientId>             <ServiceProviderName/>             <OperationName>PaymentOrder/executeBillPayment</OperationName>             <Ctry>IN</Ctry>             <Event>                 <EventType>Transaction</EventType>                 <EventAction>PrepaidReloadFailed</EventAction>                 <EventSource/>                 <EventReason>06,Subsystem Error</EventReason>                 <EventDateTime>2017-10-02T12:23:27.824+07:00</EventDateTime>             </Event>             <ServiceHeader>                 <MsgDetl mustUnderstand="false">                     <MsgUID>63ON2327817641275666</MsgUID>                 </MsgDetl>                 <Trace mustUnderstand="false">                     <RqDateTime>2017-10-02T12:23:27.824+07:00</RqDateTime>                     <RqClient>                         <RqClientId>DBIND</RqClientId>                         <RqClientOrg>2004</RqClientOrg>                         <RqClientCtry>ID</RqClientCtry>                     </RqClient>                 </Trace>                 <ExtendedHeader>                     <CredentialsRqHdr>                         <SubjectRole>Party</SubjectRole>                         <PartyId>ID30618355</PartyId>                         <LoginName>orange10</LoginName>                         <PartyEnvr>                             <NetworkTrnData>                                 <NetworkOwner>Singtel</NetworkOwner>                                 <TerminalIdent>7711a4a118c5a46a</TerminalIdent>                                 <TerminalType>android 6.0.1</TerminalType>                                 <NetworkLocation>                                     <OriginatorIP>61.12.40.186</OriginatorIP>                                 </NetworkLocation>                             </NetworkTrnData>                         </PartyEnvr>                         <PartyAuth>                             <SecTokenKey>                                 <SessKey>o0dpG5Zk_lHeO21WiwD_3ypjT0sp13JJjDDWPuJV</SessKey>                             </SecTokenKey>                         </PartyAuth>                     </CredentialsRqHdr>                 </ExtendedHeader>             </ServiceHeader>         </Header>         <Body>             <EventNotificationDetails>                 <LCIN>ID30618355</LCIN>                 <CIF>2223508</CIF>                 <Party/>                 <Account>                     <AccountId>1700062046</AccountId>                     <SchemeCode>DBSBA</SchemeCode>                 </Account>                 <Transaction>                     <SourceAccountNo>1700062046</SourceAccountNo>                     <TranRef/>                     <Payee>                         <BillerDetls>                             <BillerId>1013</BillerId>                             <BillerName/>                         </BillerDetls>                         <AuthValues>                             <AuthValue>                                 <FieldId>1</FieldId>                                 <FieldName>Nomor Handphone</FieldName>                                 <Value>08993908994</Value>                             </AuthValue>                         </AuthValues>                     </Payee>                     <Amount>30000</Amount>                     <Currency>IDR</Currency>                     <Date>2017-10-02T12:23:27.824+07:00</Date>                     <BillDetls>                         <SPBillRef/>                     </BillDetls>                 </Transaction>             </EventNotificationDetails>         </Body>     </EventEnvelope> </publishEvent> 
<publishEvent>     <EventEnvelope>         <Header>             <siid>6ddd1222-b4ad-4cfd-b102-ad2f5bafe5b2</siid>             <MsgUID>75db94a2-cb59-445d-bb9f-ab44e80ef2f7</MsgUID>             <RqClientId>DBIND</RqClientId>             <ServiceProviderName/>             <OperationName>Correspondence/retrieveInappCorrespondence</OperationName>             <Ctry>IN</Ctry>             <Event>                 <EventType>Correspondence</EventType>                 <EventAction>InappCorrespondenceRetrieved</EventAction>                 <EventSource/>                 <EventReason>Success</EventReason>                 <EventDateTime>2017-10-02T12:23:56.627+07:00</EventDateTime>             </Event>             <ServiceHeader>                 <MsgDetl mustUnderstand="false">                     <MsgUID>63ON2356620224218044</MsgUID>                 </MsgDetl>                 <Trace mustUnderstand="false">                     <RqDateTime>2017-10-02T12:23:56.627+07:00</RqDateTime>                     <RqClient>                         <RqClientId>DBIND</RqClientId>                         <RqClientOrg>2004</RqClientOrg>                         <RqClientCtry>ID</RqClientCtry>                     </RqClient>                 </Trace>                 <ExtendedHeader>                     <CredentialsRqHdr>                         <SubjectRole>Party</SubjectRole>                         <PartyId>ID30618355</PartyId>                         <LoginName>orange10</LoginName>                         <PartyEnvr>                             <NetworkTrnData>                                 <NetworkOwner>NA</NetworkOwner>                                 <TerminalIdent>7711a4a118c5a46a</TerminalIdent>                                 <TerminalType>android 6.0.1</TerminalType>                                 <NetworkLocation>                                     <OriginatorIP>61.12.40.186</OriginatorIP>                                 </NetworkLocation>                             </NetworkTrnData>                         </PartyEnvr>                         <PartyAuth>                             <SecTokenKey>                                 <SessKey>o0dpG5Zk_lHeO21WiwD_3ypjT0sp13JJjDDWPuJV</SessKey>                             </SecTokenKey>                         </PartyAuth>                     </CredentialsRqHdr>                 </ExtendedHeader>             </ServiceHeader>         </Header>         <Body>             <EventNotificationDetails>                 <LCIN>ID30618355</LCIN>                 <CIF>2223508</CIF>                 <Correspondence>                     <CardId>10377</CardId>                     <Subject>&lt;div class="card"&gt;&lt;label style="color:#333333"&gt;Cek status pengantaran&lt;/label&gt;&lt;label style="color:#FFFFFF"&gt; kartu debit&lt;/label&gt;&lt;/div&gt;</Subject>                     <Category/>                 </Correspondence>             </EventNotificationDetails>         </Body>     </EventEnvelope> </publishEvent> 
<publishEvent>     <EventEnvelope>         <Header>             <siid>e09b9b53-27dc-4f7b-83c4-4ac7c66f30c1</siid>             <MsgUID>d85f962d-1a8d-4ccb-a5b3-4c02e6fbb8b8</MsgUID>             <RqClientId>DBIND</RqClientId>             <ServiceProviderName/>             <OperationName>TwoFactorAuthentication/default</OperationName>             <Ctry>IN</Ctry>             <Event>                 <EventType>Party</EventType>                 <EventAction>2FASuccessful</EventAction>                 <EventSource/>                 <EventReason>Success</EventReason>                 <EventDateTime>2018-03-14T13:24:03.724+08:00</EventDateTime>             </Event>             <ServiceHeader>                 <MsgDetl mustUnderstand="false">                     <MsgUID>63ON2403705686400268</MsgUID>                 </MsgDetl>                 <Trace mustUnderstand="false">                     <RqDateTime>2017-10-02T12:24:03.706+07:00</RqDateTime>                     <RqClient>                         <RqClientId>DBIND</RqClientId>                         <RqClientOrg>2004</RqClientOrg>                         <RqClientCtry>ID</RqClientCtry>                     </RqClient>                 </Trace>                 <ExtendedHeader>                     <CredentialsRqHdr>                         <SubjectRole>Party</SubjectRole>                         <PartyId>ID30618351</PartyId>                         <LoginName>orange7</LoginName>                         <PartyEnvr>                             <NetworkTrnData>                                 <NetworkOwner>NA</NetworkOwner>                                 <TerminalIdent>803064FD-3668-4BA4-ADA7-8B5BB02A390C</TerminalIdent>                                 <TerminalType>iOS 11.2.1</TerminalType>                                 <NetworkLocation>                                     <OriginatorIP>61.12.40.186</OriginatorIP>                                 </NetworkLocation>                             </NetworkTrnData>                         </PartyEnvr>                         <PartyAuth>                             <SecTokenKey>                                 <SessKey>tonbgDkSodlUr-PVaTDiqOQ3QPhyEK6LSXm3NPrY</SessKey>                             </SecTokenKey>                         </PartyAuth>                     </CredentialsRqHdr>                 </ExtendedHeader>             </ServiceHeader>         </Header>         <Body>             <EventNotificationDetails>                 <LCIN>ID30618351</LCIN>                 <CIF>2223504</CIF>                 <Party>                     <PartyName/>                 </Party>                 <Auth>                     <AcctScheme>DBSBA</AcctScheme>                     <TranType>2FA</TranType>                 </Auth>             </EventNotificationDetails>         </Body>     </EventEnvelope> </publishEvent> 
<publishEvent>     <EventEnvelope>         <Header>             <siid>3095a1ab-b08b-4d4e-9ac9-8ee538bfa23c</siid>             <MsgUID>2613cf72-1b42-4f88-b68f-66ab4ce0a299</MsgUID>             <RqClientId>DBIND</RqClientId>             <ServiceProviderName/>             <OperationName>TwoFactorAuthentication/default</OperationName>             <Ctry>IN</Ctry>             <Event>                 <EventType>Party</EventType>                 <EventAction>2FASuccessful</EventAction>                 <EventSource/>                 <EventReason>Success</EventReason>                 <EventDateTime>2018-03-14T13:24:04.417+08:00</EventDateTime>             </Event>             <ServiceHeader>                 <MsgDetl mustUnderstand="false">                     <MsgUID>63ON2404398890218983</MsgUID>                 </MsgDetl>                 <Trace mustUnderstand="false">                     <RqDateTime>2017-10-02T12:24:04.398+07:00</RqDateTime>                     <RqClient>                         <RqClientId>DBIND</RqClientId>                         <RqClientOrg>2004</RqClientOrg>                         <RqClientCtry>ID</RqClientCtry>                     </RqClient>                 </Trace>                 <ExtendedHeader>                     <CredentialsRqHdr>                         <SubjectRole>Party</SubjectRole>                         <PartyId>ID30618351</PartyId>                         <LoginName>orange7</LoginName>                         <PartyEnvr>                             <NetworkTrnData>                                 <NetworkOwner>NA</NetworkOwner>                                 <TerminalIdent>803064FD-3668-4BA4-ADA7-8B5BB02A390C</TerminalIdent>                                 <TerminalType>iOS 11.2.1</TerminalType>                                 <NetworkLocation>                                     <OriginatorIP>61.12.40.186</OriginatorIP>                                 </NetworkLocation>                             </NetworkTrnData>                         </PartyEnvr>                         <PartyAuth>                             <SecTokenKey>                                 <SessKey>tonbgDkSodlUr-PVaTDiqOQ3QPhyEK6LSXm3NPrY</SessKey>                             </SecTokenKey>                         </PartyAuth>                     </CredentialsRqHdr>                 </ExtendedHeader>             </ServiceHeader>         </Header>         <Body>             <EventNotificationDetails>                 <LCIN>ID30618351</LCIN>                 <CIF>2223504</CIF>                 <Party>                     <PartyName/>                 </Party>                 <Auth>                     <AcctScheme>DBSBA</AcctScheme>                     <TranType>2FA</TranType>                 </Auth>             </EventNotificationDetails>         </Body>     </EventEnvelope> </publishEvent> 
<publishEvent>     <EventEnvelope>         <Header>             <siid>74c96b39-2f27-4965-aa6a-748a327038e2</siid>             <MsgUID>5fa8e025-2837-4979-8feb-6cf7101ab934</MsgUID>             <RqClientId>DBIND</RqClientId>             <ServiceProviderName/>             <OperationName>PaymentOrder/executeBillPayment</OperationName>             <Ctry>IN</Ctry>             <Event>                 <EventType>Transaction</EventType>                 <EventAction>BillPaymentFailed</EventAction>                 <EventSource/>                 <EventReason>EXECUTEBILLPAYMENT,05,Card status not valid for transaction</EventReason>                 <EventDateTime>2017-10-02T12:23:55.879+07:00</EventDateTime>             </Event>             <ServiceHeader>                 <MsgDetl mustUnderstand="false">                     <MsgUID>63ON2355877811255086</MsgUID>                 </MsgDetl>                 <Trace mustUnderstand="false">                     <RqDateTime>2017-10-02T12:23:55.879+07:00</RqDateTime>                     <RqClient>                         <RqClientId>DBIND</RqClientId>                         <RqClientOrg>2004</RqClientOrg>                         <RqClientCtry>ID</RqClientCtry>                     </RqClient>                 </Trace>                 <ExtendedHeader>                     <CredentialsRqHdr>                         <SubjectRole>Party</SubjectRole>                         <PartyId>ID30618351</PartyId>                         <LoginName>orange7</LoginName>                         <PartyEnvr>                             <NetworkTrnData>                                 <NetworkOwner>Singtel</NetworkOwner>                                 <TerminalIdent>803064FD-3668-4BA4-ADA7-8B5BB02A390C</TerminalIdent>                                 <TerminalType>iOS 11.2.1</TerminalType>                                 <NetworkLocation>                                     <OriginatorIP>61.12.40.186</OriginatorIP>                                 </NetworkLocation>                             </NetworkTrnData>                         </PartyEnvr>                         <PartyAuth>                             <SecTokenKey>                                 <SessKey>tonbgDkSodlUr-PVaTDiqOQ3QPhyEK6LSXm3NPrY</SessKey>                             </SecTokenKey>                         </PartyAuth>                     </CredentialsRqHdr>                 </ExtendedHeader>             </ServiceHeader>         </Header>         <Body>             <EventNotificationDetails>                 <LCIN>ID30618351</LCIN>                 <CIF>2223504</CIF>                 <Party/>                 <Account>                     <AccountId>1700062055</AccountId>                     <SchemeCode>DBSBA</SchemeCode>                 </Account>                 <Transaction>                     <SourceAccountNo>1700062055</SourceAccountNo>                     <TranRef/>                     <Payee>                         <PayeeId>PAYEE_DTLS201802185910630</PayeeId>                         <BillerDetls>                             <BillerName/>                         </BillerDetls>                         <AuthValues>                             <AuthValue>                                 <FieldId>1</FieldId>                                 <FieldName>ID pelanggan</FieldName>                                 <Value>2346550000111</Value>                             </AuthValue>                         </AuthValues>                     </Payee>                     <Amount>25316</Amount>                     <Currency>IDR</Currency>                     <Date>2017-10-02T12:23:55.879+07:00</Date>                     <BillDetls>                         <SPBillRef/>                     </BillDetls>                 </Transaction>             </EventNotificationDetails>         </Body>     </EventEnvelope> </publishEvent> 
<publishEvent>     <EventEnvelope>         <Header>             <siid>e7520622-deca-4c09-abe0-f47ea47ec924</siid>             <MsgUID>8f976e9a-91dc-442f-ba70-1876ab0d6875</MsgUID>             <RqClientId>DBIND</RqClientId>             <ServiceProviderName/>             <OperationName>Correspondence/retrieveInappCorrespondence</OperationName>             <Ctry>IN</Ctry>             <Event>                 <EventType>Correspondence</EventType>                 <EventAction>InappCorrespondenceRetrieved</EventAction>                 <EventSource/>                 <EventReason>Success</EventReason>                 <EventDateTime>2017-10-02T12:24:15.154+07:00</EventDateTime>             </Event>             <ServiceHeader>                 <MsgDetl mustUnderstand="false">                     <MsgUID>63ON2415152490713715</MsgUID>                 </MsgDetl>                 <Trace mustUnderstand="false">                     <RqDateTime>2017-10-02T12:24:15.154+07:00</RqDateTime>                     <RqClient>                         <RqClientId>DBIND</RqClientId>                         <RqClientOrg>2004</RqClientOrg>                         <RqClientCtry>ID</RqClientCtry>                     </RqClient>                 </Trace>                 <ExtendedHeader>                     <CredentialsRqHdr>                         <SubjectRole>Party</SubjectRole>                         <PartyId>ID30618351</PartyId>                         <LoginName>orange7</LoginName>                         <PartyEnvr>                             <NetworkTrnData>                                 <NetworkOwner>NA</NetworkOwner>                                 <TerminalIdent>803064FD-3668-4BA4-ADA7-8B5BB02A390C</TerminalIdent>                                 <TerminalType>iOS 11.2.1</TerminalType>                                 <NetworkLocation>                                     <OriginatorIP>61.12.40.186</OriginatorIP>                                 </NetworkLocation>                             </NetworkTrnData>                         </PartyEnvr>                         <PartyAuth>                             <SecTokenKey>                                 <SessKey>tonbgDkSodlUr-PVaTDiqOQ3QPhyEK6LSXm3NPrY</SessKey>                             </SecTokenKey>                         </PartyAuth>                     </CredentialsRqHdr>                 </ExtendedHeader>             </ServiceHeader>         </Header>         <Body>             <EventNotificationDetails>                 <LCIN>ID30618351</LCIN>                 <CIF>2223504</CIF>                 <Correspondence>                     <CardId>10291</CardId>                     <Subject>&lt;div class="card"&gt;&lt;label style="color:#333333"&gt;Cek status pengantaran&lt;/label&gt;&lt;label style="color:#FFFFFF"&gt; kartu debit&lt;/label&gt;&lt;/div&gt;</Subject>                     <Category/>                 </Correspondence>             </EventNotificationDetails>         </Body>     </EventEnvelope> </publishEvent> 
<publishEvent>     <EventEnvelope>         <Header>             <siid>cc960041-0d74-439c-b96e-08b018abe708</siid>             <MsgUID>dced5b8e-94e1-4d4e-9e40-96609b92a09c</MsgUID>             <RqClientId>DBIND</RqClientId>             <ServiceProviderName/>             <OperationName>PaymentOrder/retrieveTransactionLimits</OperationName>             <Ctry>IN</Ctry>             <Event>                 <EventType>Transaction</EventType>                 <EventAction>TransactionLimitsRetrieved</EventAction>                 <EventSource/>                 <EventReason>Success</EventReason>                 <EventDateTime>2017-10-02T12:24:17.277+07:00</EventDateTime>             </Event>             <ServiceHeader>                 <MsgDetl mustUnderstand="false">                     <MsgVersion>4.0</MsgVersion>                     <MsgUID>63ON2417276940385554</MsgUID>                 </MsgDetl>                 <Trace mustUnderstand="false">                     <RqDateTime>2017-10-02T12:24:17.277+07:00</RqDateTime>                     <RqClient>                         <RqClientId>DBIND</RqClientId>                         <RqClientOrg>2004</RqClientOrg>                         <RqClientCtry>ID</RqClientCtry>                     </RqClient>                 </Trace>                 <ExtendedHeader>                     <CredentialsRqHdr>                         <SubjectRole>Party</SubjectRole>                         <PartyId>ID30618351</PartyId>                         <LoginName>orange7</LoginName>                         <PartyEnvr>                             <NetworkTrnData>                                 <NetworkOwner>NA</NetworkOwner>                                 <TerminalIdent>803064FD-3668-4BA4-ADA7-8B5BB02A390C</TerminalIdent>                                 <TerminalType>iOS 11.2.1</TerminalType>                                 <NetworkLocation>                                     <OriginatorIP>61.12.40.186</OriginatorIP>                                 </NetworkLocation>                             </NetworkTrnData>                         </PartyEnvr>                         <PartyAuth>                             <SecTokenKey>                                 <SessKey>tonbgDkSodlUr-PVaTDiqOQ3QPhyEK6LSXm3NPrY</SessKey>                             </SecTokenKey>                         </PartyAuth>                     </CredentialsRqHdr>                 </ExtendedHeader>             </ServiceHeader>         </Header>         <Body>             <EventNotificationDetails>                 <LCIN>ID30618351</LCIN>                 <CIF>2223504</CIF>                 <Account>                     <AccountId>1700062055</AccountId>                     <SchemeCode>DBSBA</SchemeCode>                 </Account>                 <Transaction>                     <SourceAccountNo>1700062055</SourceAccountNo>                 </Transaction>             </EventNotificationDetails>         </Body>     </EventEnvelope> </publishEvent> 
<publishEvent>     <EventEnvelope>         <Header>             <siid>868268f5-a04b-428f-8c26-865bf6c77964</siid>             <MsgUID>c2d702af-b955-4c71-91d8-7844bb797a39</MsgUID>             <RqClientId>DBIND</RqClientId>             <ServiceProviderName/>             <OperationName>PaymentOrder/retrieveTransactionLimits</OperationName>             <Ctry>IN</Ctry>             <Event>                 <EventType>Transaction</EventType>                 <EventAction>TransactionLimitsRetrieved</EventAction>                 <EventSource/>                 <EventReason>Success</EventReason>                 <EventDateTime>2017-10-02T12:24:24.319+07:00</EventDateTime>             </Event>             <ServiceHeader>                 <MsgDetl mustUnderstand="false">                     <MsgVersion>4.0</MsgVersion>                     <MsgUID>63ON2424318769785041</MsgUID>                 </MsgDetl>                 <Trace mustUnderstand="false">                     <RqDateTime>2017-10-02T12:24:24.319+07:00</RqDateTime>                     <RqClient>                         <RqClientId>DBIND</RqClientId>                         <RqClientOrg>2004</RqClientOrg>                         <RqClientCtry>ID</RqClientCtry>                     </RqClient>                 </Trace>                 <ExtendedHeader>                     <CredentialsRqHdr>                         <SubjectRole>Party</SubjectRole>                         <PartyId>ID30618351</PartyId>                         <LoginName>orange7</LoginName>                         <PartyEnvr>                             <NetworkTrnData>                                 <NetworkOwner>NA</NetworkOwner>                                 <TerminalIdent>803064FD-3668-4BA4-ADA7-8B5BB02A390C</TerminalIdent>                                 <TerminalType>iOS 11.2.1</TerminalType>                                 <NetworkLocation>                                     <OriginatorIP>61.12.40.186</OriginatorIP>                                 </NetworkLocation>                             </NetworkTrnData>                         </PartyEnvr>                         <PartyAuth>                             <SecTokenKey>                                 <SessKey>tonbgDkSodlUr-PVaTDiqOQ3QPhyEK6LSXm3NPrY</SessKey>                             </SecTokenKey>                         </PartyAuth>                     </CredentialsRqHdr>                 </ExtendedHeader>             </ServiceHeader>         </Header>         <Body>             <EventNotificationDetails>                 <LCIN>ID30618351</LCIN>                 <CIF>2223504</CIF>                 <Account>                     <AccountId>1700062055</AccountId>                     <SchemeCode>DBSBA</SchemeCode>                 </Account>                 <Transaction>                     <SourceAccountNo>1700062055</SourceAccountNo>                 </Transaction>             </EventNotificationDetails>         </Body>     </EventEnvelope> </publishEvent> 
<publishEvent>     <EventEnvelope>         <Header>             <siid>ae40cad1-4e92-4734-b782-74d4a7cde6f0</siid>             <MsgUID>3032a9dd-cfca-463d-adec-83bbe865c6a2</MsgUID>             <RqClientId>DBIND</RqClientId>             <ServiceProviderName/>             <OperationName>PaymentOrder/evaluatePaymentDetails</OperationName>             <Ctry>IN</Ctry>             <Event>                 <EventType>Transaction</EventType>                 <EventAction>BillPaymentEvaluationFailed</EventAction>                 <EventSource/>                 <EventReason>68,Time Out</EventReason>                 <EventDateTime>2017-10-02T12:24:25.252+07:00</EventDateTime>             </Event>             <ServiceHeader>                 <MsgDetl mustUnderstand="false">                     <MsgUID>63ON2425249451638110</MsgUID>                 </MsgDetl>                 <Trace mustUnderstand="false">                     <RqDateTime>2017-10-02T12:24:25.252+07:00</RqDateTime>                     <RqClient>                         <RqClientId>DBIND</RqClientId>                         <RqClientOrg>2004</RqClientOrg>                         <RqClientCtry>ID</RqClientCtry>                     </RqClient>                 </Trace>                 <ExtendedHeader>                     <CredentialsRqHdr>                         <SubjectRole>Party</SubjectRole>                         <PartyId>ID30618351</PartyId>                         <LoginName>orange7</LoginName>                         <PartyEnvr>                             <NetworkTrnData>                                 <NetworkOwner>Singtel</NetworkOwner>                                 <TerminalIdent>803064FD-3668-4BA4-ADA7-8B5BB02A390C</TerminalIdent>                                 <TerminalType>&gt;iOS 11.2.1</TerminalType>                                 <NetworkLocation>                                     <OriginatorIP>61.12.40.186</OriginatorIP>                                 </NetworkLocation>                             </NetworkTrnData>                         </PartyEnvr>                         <PartyAuth>                             <SecTokenKey>                                 <SessKey>tonbgDkSodlUr-PVaTDiqOQ3QPhyEK6LSXm3NPrY</SessKey>                             </SecTokenKey>                         </PartyAuth>                     </CredentialsRqHdr>                 </ExtendedHeader>             </ServiceHeader>         </Header>         <Body>             <EventNotificationDetails>                 <LCIN>ID30618351</LCIN>                 <CIF>2223504</CIF>                 <Party/>                 <Account>                     <AccountId>1700062055</AccountId>                     <SchemeCode>DBSBA</SchemeCode>                 </Account>                 <Transaction>                     <SourceAccountNo>1700062055</SourceAccountNo>                     <Payee>                         <PayeeId>PAYEE_DTLS201801185236630</PayeeId>                         <BillerDetls>                             <BillerId>1015</BillerId>                         </BillerDetls>                         <AuthValues>                             <AuthValue>                                 <FieldId>1</FieldId>                                 <FieldName>ID pelanggan</FieldName>                                 <Value>3331234567890</Value>                             </AuthValue>                         </AuthValues>                     </Payee>                     <Amount/>                     <Currency/>                     <BillDetls>                         <Amount/>                         <Currency>IDR</Currency>                     </BillDetls>                 </Transaction>             </EventNotificationDetails>         </Body>     </EventEnvelope> </publishEvent> 
<publishEvent>     <EventEnvelope>         <Header>             <siid>8d978b6e-aa78-4e53-96ba-b011ca9f707a</siid>             <MsgUID>12ffd02b-7cf1-4ba2-8f64-d28ecd01ff5a</MsgUID>             <RqClientId>DBIND</RqClientId>             <ServiceProviderName/>             <OperationName>TwoFactorAuthentication/default</OperationName>             <Ctry>IN</Ctry>             <Event>                 <EventType>Party</EventType>                 <EventAction>2FASuccessful</EventAction>                 <EventSource/>                 <EventReason>Success</EventReason>                 <EventDateTime>2018-03-14T13:25:00.975+08:00</EventDateTime>             </Event>             <ServiceHeader>                 <MsgDetl mustUnderstand="false">                     <MsgUID>63ON2500957168630434</MsgUID>                 </MsgDetl>                 <Trace mustUnderstand="false">                     <RqDateTime>2017-10-02T12:25:00.962+07:00</RqDateTime>                     <RqClient>                         <RqClientId>DBIND</RqClientId>                         <RqClientOrg>2004</RqClientOrg>                         <RqClientCtry>ID</RqClientCtry>                     </RqClient>                 </Trace>                 <ExtendedHeader>                     <CredentialsRqHdr>                         <SubjectRole>Party</SubjectRole>                         <PartyId>ID30618355</PartyId>                         <LoginName>orange10</LoginName>                         <PartyEnvr>                             <NetworkTrnData>                                 <NetworkOwner>NA</NetworkOwner>                                 <TerminalIdent>7711a4a118c5a46a</TerminalIdent>                                 <TerminalType>android 6.0.1</TerminalType>                                 <NetworkLocation>                                     <OriginatorIP>61.12.40.186</OriginatorIP>                                 </NetworkLocation>                             </NetworkTrnData>                         </PartyEnvr>                         <PartyAuth>                             <SecTokenKey>                                 <SessKey>o0dpG5Zk_lHeO21WiwD_3ypjT0sp13JJjDDWPuJV</SessKey>                             </SecTokenKey>                         </PartyAuth>                     </CredentialsRqHdr>                 </ExtendedHeader>             </ServiceHeader>         </Header>         <Body>             <EventNotificationDetails>                 <LCIN>ID30618355</LCIN>                 <CIF>2223508</CIF>                 <Party>                     <PartyName/>                 </Party>                 <Auth>                     <AcctScheme>DBSBA</AcctScheme>                     <TranType>2FA</TranType>                 </Auth>             </EventNotificationDetails>         </Body>     </EventEnvelope> </publishEvent> 
<publishEvent>     <EventEnvelope>         <Header>             <siid>ea7aa4e8-a58d-44ab-a144-1b61dcbdbe3b</siid>             <MsgUID>56fdf152-3df4-4a34-8325-6ce571b89d68</MsgUID>             <RqClientId>DBIND</RqClientId>             <ServiceProviderName/>             <OperationName>TwoFactorAuthentication/default</OperationName>             <Ctry>IN</Ctry>             <Event>                 <EventType>Party</EventType>                 <EventAction>2FASuccessful</EventAction>                 <EventSource/>                 <EventReason>Success</EventReason>                 <EventDateTime>2018-03-14T13:25:01.755+08:00</EventDateTime>             </Event>             <ServiceHeader>                 <MsgDetl mustUnderstand="false">                     <MsgUID>63ON2501728212900628</MsgUID>                 </MsgDetl>                 <Trace mustUnderstand="false">                     <RqDateTime>2017-10-02T12:25:01.734+07:00</RqDateTime>                     <RqClient>                         <RqClientId>DBIND</RqClientId>                         <RqClientOrg>2004</RqClientOrg>                         <RqClientCtry>ID</RqClientCtry>                     </RqClient>                 </Trace>                 <ExtendedHeader>                     <CredentialsRqHdr>                         <SubjectRole>Party</SubjectRole>                         <PartyId>ID30618355</PartyId>                         <LoginName>orange10</LoginName>                         <PartyEnvr>                             <NetworkTrnData>                                 <NetworkOwner>NA</NetworkOwner>                                 <TerminalIdent>7711a4a118c5a46a</TerminalIdent>                                 <TerminalType>android 6.0.1</TerminalType>                                 <NetworkLocation>                                     <OriginatorIP>61.12.40.186</OriginatorIP>                                 </NetworkLocation>                             </NetworkTrnData>                         </PartyEnvr>                         <PartyAuth>                             <SecTokenKey>                                 <SessKey>o0dpG5Zk_lHeO21WiwD_3ypjT0sp13JJjDDWPuJV</SessKey>                             </SecTokenKey>                         </PartyAuth>                     </CredentialsRqHdr>                 </ExtendedHeader>             </ServiceHeader>         </Header>         <Body>             <EventNotificationDetails>                 <LCIN>ID30618355</LCIN>                 <CIF>2223508</CIF>                 <Party>                     <PartyName/>                 </Party>                 <Auth>                     <AcctScheme>DBSBA</AcctScheme>                     <TranType>2FA</TranType>                 </Auth>             </EventNotificationDetails>         </Body>     </EventEnvelope> </publishEvent> 
<publishEvent>     <EventEnvelope>         <Header>             <siid>FINDBG20180314132505235256</siid>             <MsgUID>deaf0e3c-2b94-4c8c-aaf9-623cadf4b2fe</MsgUID>             <RqClientId>DBIND</RqClientId>             <ServiceProviderName/>             <ServiceName>CustomerMaster</ServiceName>             <OperationName>CustomerMaster/CreateTxnHistory</OperationName>             <Ctry>IN</Ctry>             <Event>                 <EventType>Transaction</EventType>                 <EventAction>DebitPosted</EventAction>                 <EventSource>Finacle</EventSource>                 <EventReason>Success</EventReason>                 <EventDateTime>2018-03-14T13:25:05.275+08:00</EventDateTime>             </Event>             <ServiceHeader>                 <MsgDetl mustUnderstand="false">                     <MsgUID>562f2bc5-3b25-41c4-8dfc-28acb8fdebc2</MsgUID>                 </MsgDetl>                 <Trace mustUnderstand="false">                     <RqDateTime>2018-03-14T13:25:05.275+08:00</RqDateTime>                     <RqClient>                         <RqClientId>DBIND</RqClientId>                         <RqClientOrg>2004</RqClientOrg>                         <RqClientCtry>ID</RqClientCtry>                     </RqClient>                 </Trace>             </ServiceHeader>         </Header>         <Body>             <EventNotificationDetails>                 <LCIN>ID30618355</LCIN>                 <CIF>2223508</CIF>                 <Account>                     <AccountId>1700062046</AccountId>                     <SchemeCode>DBSBA</SchemeCode>                 </Account>                 <Transaction>                     <SourceAccountNo>1700062046</SourceAccountNo>                     <TranRef>807304290764</TranRef>                     <Amount>50000</Amount>                     <Currency>IDR</Currency>                     <RunningBalance>5571581340</RunningBalance>                     <Date>2017-10-02T00:00:00</Date>                     <TranCode>DPROT</TranCode>                     <TranDesc>BILLPAY~Topup Pulsa~1010001~807304290764</TranDesc>                     <PostingDate>2018-03-14T12:54:11</PostingDate>                     <ValueDate>2017-10-02T00:00:00</ValueDate>                 </Transaction>             </EventNotificationDetails>         </Body>     </EventEnvelope> </publishEvent> 
<publishEvent>     <EventEnvelope>         <Header>             <siid>1cac1661-d75c-4fa9-b665-95942cbeb06a</siid>             <MsgUID>bc5bfe45-9276-496b-8dda-06bc6165adf0</MsgUID>             <RqClientId>DBIND</RqClientId>             <ServiceProviderName>CBID</ServiceProviderName>             <OperationName>DepositAccount/createFDAccount</OperationName>             <Ctry>IN</Ctry>             <Event>                 <EventType>DepositAccount</EventType>                 <EventAction>FDAccountCreated</EventAction>                 <EventSource/>                 <EventReason>Success</EventReason>                 <EventDateTime>2017-10-02T12:24:52.057+07:00</EventDateTime>             </Event>             <ServiceHeader>                 <MsgDetl mustUnderstand="false">                     <MsgUID>63ON2452044739037639</MsgUID>                 </MsgDetl>                 <Trace mustUnderstand="false">                     <RqDateTime>2017-10-02T12:24:52.057+07:00</RqDateTime>                     <RqClient>                         <RqClientId>DBIND</RqClientId>                         <RqClientOrg>2004</RqClientOrg>                         <RqClientCtry>ID</RqClientCtry>                     </RqClient>                     <ServiceProvider mustUnderstand="true">                         <SPId>CBID</SPId>                         <SPDateTime>2018-03-14T12:25:05.799+07:00</SPDateTime>                     </ServiceProvider>                 </Trace>                 <ExtendedHeader>                     <CredentialsRqHdr>                         <SubjectRole>Party</SubjectRole>                         <PartyId>ID30618355</PartyId>                         <LoginName>orange10</LoginName>                         <PartyEnvr>                             <NetworkTrnData>                                 <NetworkOwner>NA</NetworkOwner>                                 <TerminalIdent>7711a4a118c5a46a</TerminalIdent>                                 <TerminalType>android 6.0.1</TerminalType>                                 <NetworkLocation>                                     <OriginatorIP>61.12.40.186</OriginatorIP>                                 </NetworkLocation>                             </NetworkTrnData>                         </PartyEnvr>                         <PartyAuth>                             <SecTokenKey>                                 <SessKey>o0dpG5Zk_lHeO21WiwD_3ypjT0sp13JJjDDWPuJV</SessKey>                             </SecTokenKey>                         </PartyAuth>                     </CredentialsRqHdr>                 </ExtendedHeader>             </ServiceHeader>         </Header>         <Body>             <EventNotificationDetails>                 <LCIN>ID30618355</LCIN>                 <CIF>2223508</CIF>                 <Account>                     <AccountId>5500024028</AccountId>                     <AccountType>FD</AccountType>                     <MaturityInstr>PI</MaturityInstr>                     <WithdrawInstr>                         <WithdrawType>PI</WithdrawType>                         <SettlementAccountId>1700062046</SettlementAccountId>                     </WithdrawInstr>                 </Account>             </EventNotificationDetails>         </Body>     </EventEnvelope> </publishEvent> 
<publishEvent>     <EventEnvelope>         <Header>             <siid>1cac1661-d75c-4fa9-b665-95942cbeb06a</siid>             <MsgUID>edefa539-8dd8-4e60-8db4-fab100f78e9f</MsgUID>             <RqClientId>DBIND</RqClientId>             <ServiceProviderName/>             <OperationName>PartyDataManagement/retrievePartyAlertPreference</OperationName>             <Ctry>IN</Ctry>             <Event>                 <EventType>Party</EventType>                 <EventAction>PartyAlertPreferenceRetrieved</EventAction>                 <EventSource/>                 <EventReason>Success</EventReason>                 <EventDateTime>2018-03-14T13:25:06.175+08:00</EventDateTime>             </Event>             <ServiceHeader>                 <MsgDetl mustUnderstand="false">                     <MsgUID>2c6b02ae-0587-4cad-b8a4-08c848d9acef</MsgUID>                 </MsgDetl>                 <Trace mustUnderstand="false">                     <RqDateTime>2018-03-14T13:25:06.175+08:00</RqDateTime>                     <RqClient>                         <RqClientId>DBIND</RqClientId>                         <RqClientOrg>2004</RqClientOrg>                         <RqClientCtry>ID</RqClientCtry>                     </RqClient>                 </Trace>             </ServiceHeader>         </Header>         <Body>             <EventNotificationDetails>                 <LCIN>ID30618355</LCIN>                 <CIF>2223508</CIF>                 <Party>                     <AccountType/>                 </Party>             </EventNotificationDetails>         </Body>     </EventEnvelope> </publishEvent> 
<publishEvent>     <EventEnvelope>         <Header>             <siid>1cac1661-d75c-4fa9-b665-95942cbeb06a</siid>             <MsgUID>1468cdf1-415e-41c9-b402-d603bfd89886</MsgUID>             <RqClientId>DBIND</RqClientId>             <ServiceProviderName/>             <OperationName>Correspondence/requestCorrespondence-custom</OperationName>             <Ctry>IN</Ctry>             <Event>                 <EventType>Correspondence</EventType>                 <EventAction>NotificationRequested</EventAction>                 <EventSource>Correspondence</EventSource>                 <EventReason>Success</EventReason>                 <EventDateTime>2018-03-14T13:25:06.599+08:00</EventDateTime>             </Event>             <ServiceHeader>                 <MsgDetl mustUnderstand="false">                     <MsgUID>d7ea137d-4ae4-4d53-a2a2-b616b0fa86b3</MsgUID>                 </MsgDetl>                 <Trace mustUnderstand="false">                     <RqDateTime>2018-03-14T13:25:06.599+08:00</RqDateTime>                     <RqClient>                         <RqClientId>DBIND</RqClientId>                         <RqClientOrg>2004</RqClientOrg>                         <RqClientCtry>ID</RqClientCtry>                     </RqClient>                 </Trace>             </ServiceHeader>         </Header>         <Body>             <EventNotificationDetails>                 <LCIN>ID30618355</LCIN>                 <CIF>2223508</CIF>                 <Correspondence>                     <AlertId>312877</AlertId>                     <Subject/>                     <Category/>                     <AlertContactDetl>                         <Phone>                             <PhoneCtryCode>62</PhoneCtryCode>                             <PhoneAreaCode>895</PhoneAreaCode>                             <PhoneNum>89562314780</PhoneNum>                         </Phone>                     </AlertContactDetl>                     <ContactMode>SMS</ContactMode>                     <TemplateID>1079</TemplateID>                     <Correspondence_Body>Hai! Kamu telah berhasil membuka deposito digibank, dengan nomor ******4028. Happy Banking!</Correspondence_Body>                 </Correspondence>             </EventNotificationDetails>         </Body>     </EventEnvelope> </publishEvent> 
<publishEvent>     <EventEnvelope>         <Header>             <siid>FINDBG20180314132507180370</siid>             <MsgUID>37601e3b-fac8-4d8a-9e93-14d13638a9ef</MsgUID>             <RqClientId>DBIND</RqClientId>             <ServiceProviderName/>             <ServiceName>CustomerMaster</ServiceName>             <OperationName>CustomerMaster/CreateTxnHistory</OperationName>             <Ctry>IN</Ctry>             <Event>                 <EventType>Transaction</EventType>                 <EventAction>DebitPosted</EventAction>                 <EventSource>Finacle</EventSource>                 <EventReason>Success</EventReason>                 <EventDateTime>2018-03-14T13:25:07.214+08:00</EventDateTime>             </Event>             <ServiceHeader>                 <MsgDetl mustUnderstand="false">                     <MsgUID>c1643fa9-43af-49b1-8401-cd89673b7f77</MsgUID>                 </MsgDetl>                 <Trace mustUnderstand="false">                     <RqDateTime>2018-03-14T13:25:07.214+08:00</RqDateTime>                     <RqClient>                         <RqClientId>DBIND</RqClientId>                         <RqClientOrg>2004</RqClientOrg>                         <RqClientCtry>ID</RqClientCtry>                     </RqClient>                 </Trace>             </ServiceHeader>         </Header>         <Body>             <EventNotificationDetails>                 <LCIN>ID30618355</LCIN>                 <CIF>2223508</CIF>                 <Account>                     <AccountId>1700062046</AccountId>                     <SchemeCode>DBSBA</SchemeCode>                 </Account>                 <Transaction>                     <SourceAccountNo>1700062046</SourceAccountNo>                     <TranRef>004339</TranRef>                     <Amount>30000</Amount>                     <Currency>IDR</Currency>                     <RunningBalance>5571551340</RunningBalance>                     <Date>2017-10-02T00:00:00</Date>                     <TranCode>DPROT</TranCode>                     <TranDesc>BILLPAY~3~012102~004339</TranDesc>                     <RelatedRecId>012102</RelatedRecId>                     <PostingDate>2018-03-14T12:55:17</PostingDate>                     <ValueDate>2017-10-02T00:00:00</ValueDate>                 </Transaction>             </EventNotificationDetails>         </Body>     </EventEnvelope> </publishEvent> 
<publishEvent>     <EventEnvelope>         <Header>             <siid/>             <MsgUID>28826bbe-be62-4872-ae64-c8b86c6acd01</MsgUID>             <RqClientId>DBIND</RqClientId>             <ServiceProviderName/>             <OperationName>CustomerMaster/UpdateFDAccount</OperationName>             <Ctry>IN</Ctry>             <Event>                 <EventType>DepositAccount</EventType>                 <EventAction>FDAccountUpdatePosted</EventAction>                 <EventSource>Finacle</EventSource>                 <EventReason>Success</EventReason>                 <EventDateTime>2018-03-14T13:25:11.888+08:00</EventDateTime>             </Event>             <ServiceHeader>                 <MsgDetl mustUnderstand="false">                     <MsgUID>6243cdc3-a8e2-4508-b7e8-c0665b899bd7</MsgUID>                 </MsgDetl>                 <Trace mustUnderstand="false">                     <RqDateTime>2018-03-14T13:25:11.888+08:00</RqDateTime>                     <RqClient>                         <RqClientId>DBIND</RqClientId>                         <RqClientOrg>2004</RqClientOrg>                         <RqClientCtry>ID</RqClientCtry>                     </RqClient>                 </Trace>             </ServiceHeader>         </Header>         <Body>             <EventNotificationDetails>                 <LCIN>ID30618355</LCIN>                 <CIF>2223508</CIF>                 <Account>                     <AccountId>5500024028</AccountId>                     <AccountType>FD</AccountType>                     <AccountStatus>01</AccountStatus>                     <AccountOpenDate>2017-10-02</AccountOpenDate>                     <AccountAlias>sanity</AccountAlias>                     <CustomerName>ORANGE TEN</CustomerName>                     <InterestRate>6</InterestRate>                 </Account>             </EventNotificationDetails>         </Body>     </EventEnvelope> </publishEvent> 
<publishEvent>     <EventEnvelope>         <Header>             <siid>1f759736-9c07-418b-b8bf-ee1cce31ce84</siid>             <MsgUID>dc63ae27-79c3-4391-a1c0-f8057db0cac5</MsgUID>             <RqClientId>DBIND</RqClientId>             <ServiceProviderName/>             <OperationName>PartyDataManagement/retrieveParties</OperationName>             <Ctry>IN</Ctry>             <Event>                 <EventType>Party</EventType>                 <EventAction>PartyRetrieveFailed</EventAction>                 <EventSource/>                 <EventReason>executeFinacleScript,CDGB000021,No Records Found For Entered Search Criteria.</EventReason>                 <EventDateTime>2017-10-02T12:25:10.949+07:00</EventDateTime>             </Event>             <ServiceHeader>                 <MsgDetl mustUnderstand="false">                     <MsgUID>63ON2510947791182912-2</MsgUID>                 </MsgDetl>                 <Trace mustUnderstand="false">                     <RqDateTime>2017-10-02T12:25:10.949+07:00</RqDateTime>                     <RqClient>                         <RqClientId>DBIND</RqClientId>                         <RqClientOrg>2004</RqClientOrg>                         <RqClientCtry>ID</RqClientCtry>                     </RqClient>                 </Trace>             </ServiceHeader>         </Header>         <Body>             <EventNotificationDetails>                 <LCIN/>                 <Party>                     <PartyName/>                     <PartyType/>                 </Party>             </EventNotificationDetails>         </Body>     </EventEnvelope> </publishEvent> 
<publishEvent>     <EventEnvelope>         <Header>             <siid>1f759736-9c07-418b-b8bf-ee1cce31ce84</siid>             <MsgUID>73027aeb-9da6-4174-88ab-325df5ccb567</MsgUID>             <RqClientId>DBIND</RqClientId>             <ServiceProviderName/>             <OperationName>PartyDataManagement/retrieveParties</OperationName>             <Ctry>IN</Ctry>             <Event>                 <EventType>Party</EventType>                 <EventAction>PartyRetrieveFailed</EventAction>                 <EventSource/>                 <EventReason>executeFinacleScript,CDGB000021,No Records Found For Entered Search Criteria.</EventReason>                 <EventDateTime>2017-10-02T12:25:10.949+07:00</EventDateTime>             </Event>             <ServiceHeader>                 <MsgDetl mustUnderstand="false">                     <MsgUID>63ON2510947791182912-3</MsgUID>                 </MsgDetl>                 <Trace mustUnderstand="false">                     <RqDateTime>2017-10-02T12:25:10.949+07:00</RqDateTime>                     <RqClient>                         <RqClientId>DBIND</RqClientId>                         <RqClientOrg>2004</RqClientOrg>                         <RqClientCtry>ID</RqClientCtry>                     </RqClient>                 </Trace>             </ServiceHeader>         </Header>         <Body>             <EventNotificationDetails>                 <LCIN/>                 <Party>                     <PartyName/>                     <PartyType/>                 </Party>             </EventNotificationDetails>         </Body>     </EventEnvelope> </publishEvent> 
<publishEvent>     <EventEnvelope>         <Header>             <siid>4f30d87a-af25-4ffd-99ca-eb8cd1012750</siid>             <MsgUID>85bafa42-150b-483a-b08f-84870bdaf79a</MsgUID>             <RqClientId>DBIND</RqClientId>             <ServiceProviderName/>             <OperationName>PaymentOrder/retrieveTransactionLimits</OperationName>             <Ctry>IN</Ctry>             <Event>                 <EventType>Transaction</EventType>                 <EventAction>TransactionLimitsRetrieved</EventAction>                 <EventSource/>                 <EventReason>Success</EventReason>                 <EventDateTime>2017-10-02T12:25:12.056+07:00</EventDateTime>             </Event>             <ServiceHeader>                 <MsgDetl mustUnderstand="false">                     <MsgVersion>4.0</MsgVersion>                     <MsgUID>63ON2512054695348445</MsgUID>                 </MsgDetl>                 <Trace mustUnderstand="false">                     <RqDateTime>2017-10-02T12:25:12.056+07:00</RqDateTime>                     <RqClient>                         <RqClientId>DBIND</RqClientId>                         <RqClientOrg>2004</RqClientOrg>                         <RqClientCtry>ID</RqClientCtry>                     </RqClient>                 </Trace>                 <ExtendedHeader>                     <CredentialsRqHdr>                         <SubjectRole>Party</SubjectRole>                         <PartyId>ID30618351</PartyId>                         <LoginName>orange7</LoginName>                         <PartyEnvr>                             <NetworkTrnData>                                 <NetworkOwner>NA</NetworkOwner>                                 <TerminalIdent>803064FD-3668-4BA4-ADA7-8B5BB02A390C</TerminalIdent>                                 <TerminalType>iOS 11.2.1</TerminalType>                                 <NetworkLocation>                                     <OriginatorIP>61.12.40.186</OriginatorIP>                                 </NetworkLocation>                             </NetworkTrnData>                         </PartyEnvr>                         <PartyAuth>                             <SecTokenKey>                                 <SessKey>tonbgDkSodlUr-PVaTDiqOQ3QPhyEK6LSXm3NPrY</SessKey>                             </SecTokenKey>                         </PartyAuth>                     </CredentialsRqHdr>                 </ExtendedHeader>             </ServiceHeader>         </Header>         <Body>             <EventNotificationDetails>                 <LCIN>ID30618351</LCIN>                 <CIF>2223504</CIF>                 <Account>                     <AccountId>1700062055</AccountId>                     <SchemeCode>DBSBA</SchemeCode>                 </Account>                 <Transaction>                     <SourceAccountNo>1700062055</SourceAccountNo>                 </Transaction>             </EventNotificationDetails>         </Body>     </EventEnvelope> </publishEvent> 
<publishEvent>     <EventEnvelope>         <Header>             <siid>d0635bd4-d0be-4ed3-8bb1-3c11763f5a75</siid>             <MsgUID>18b38403-4e55-43ad-8c89-8d0f0bf7dfb3</MsgUID>             <RqClientId>DBIND</RqClientId>             <ServiceProviderName/>             <OperationName>PartyDataManagement/createPartyInternalIdentifier</OperationName>             <Ctry>IN</Ctry>             <Event>                 <EventType>Party</EventType>                 <EventAction>InternalPartyIDCreated</EventAction>                 <EventSource/>                 <EventReason>Success</EventReason>                 <EventDateTime>2017-10-02T12:25:37.816+07:00</EventDateTime>             </Event>             <ServiceHeader>                 <MsgDetl mustUnderstand="false">                     <MsgUID>63ON2537814637801804</MsgUID>                 </MsgDetl>                 <Trace mustUnderstand="false">                     <RqDateTime>2017-10-02T12:25:37.816+07:00</RqDateTime>                     <RqClient>                         <RqClientId>DBIND</RqClientId>                         <RqClientOrg>2004</RqClientOrg>                         <RqClientCtry>ID</RqClientCtry>                     </RqClient>                 </Trace>             </ServiceHeader>         </Header>         <Body>             <EventNotificationDetails>                 <LCIN>ID30666218</LCIN>                 <CIF/>             </EventNotificationDetails>         </Body>     </EventEnvelope> </publishEvent> 